;Daypart Name;Daypart Sales $;Encoded_REST_KEY
310;After 4PM;1627.39;Store1
311;Afternoon;736.38;Store1
312;Breakfast;646.95;Store1
313;Dinner;1375.57;Store1
314;Evening;251.82;Store1
315;Late Night;0.0;Store1
316;Lunch;937.46;Store1
317;Morning;646.95;Store1
318;Regular Menu;3301.23;Store1
319;Total Day;3948.18;Store1
320;After 4PM;1368.46;Store1
321;Afternoon;806.7;Store1
322;Breakfast;878.0;Store1
323;Dinner;997.89;Store1
324;Evening;370.57;Store1
325;Late Night;0.0;Store1
326;Lunch;968.71;Store1
327;Morning;878.0;Store1
328;Regular Menu;3143.87;Store1
329;Total Day;4021.87;Store1
330;After 4PM;1438.61;Store1
331;Afternoon;575.47;Store1
332;Breakfast;852.11;Store1
333;Dinner;1193.01;Store1
334;Evening;245.6;Store1
335;Late Night;7.37;Store1
336;Lunch;957.52;Store1
337;Morning;934.7;Store1
338;Regular Menu;3054.19;Store1
339;Total Day;3906.3;Store1
340;After 4PM;1434.5;Store1
341;Afternoon;513.59;Store1
342;Breakfast;869.71;Store1
343;Dinner;1221.94;Store1
344;Evening;212.56;Store1
345;Late Night;0.0;Store1
346;Lunch;1057.58;Store1
347;Morning;942.18;Store1
348;Regular Menu;3078.14;Store1
349;Total Day;3947.85;Store1
350;After 4PM;1543.23;Store1
351;Afternoon;593.44;Store1
352;Breakfast;848.08;Store1
353;Dinner;1345.81;Store1
354;Evening;197.42;Store1
355;Late Night;0.0;Store1
356;Lunch;944.91;Store1
357;Morning;899.27;Store1
358;Regular Menu;3132.77;Store1
359;Total Day;3980.85;Store1
360;After 4PM;1885.31;Store1
361;Afternoon;602.6;Store1
362;Breakfast;959.26;Store1
363;Dinner;1591.47;Store1
364;Evening;293.84;Store1
365;Late Night;0.0;Store1
366;Lunch;922.97;Store1
367;Morning;1050.4;Store1
368;Regular Menu;3502.02;Store1
369;Total Day;4461.28;Store1
370;After 4PM;2084.13;Store1
371;Afternoon;745.88;Store1
372;Breakfast;975.27;Store1
373;Dinner;1659.6;Store1
374;Evening;424.53;Store1
375;Late Night;162.32;Store1
376;Lunch;945.13;Store1
377;Morning;1047.24;Store1
378;Regular Menu;3847.11;Store1
379;Total Day;4822.38;Store1
380;After 4PM;1481.14;Store1
381;Afternoon;545.35;Store1
382;Breakfast;1320.01;Store1
383;Dinner;1028.63;Store1
384;Evening;452.51;Store1
385;Late Night;82.43;Store1
386;Lunch;1140.59;Store1
387;Morning;1320.01;Store1
388;Regular Menu;3167.08;Store1
389;Total Day;4487.09;Store1
390;After 4PM;399.18;Store1
391;Afternoon;540.33;Store1
392;Breakfast;1092.68;Store1
393;Dinner;399.18;Store1
394;Evening;0.0;Store1
395;Late Night;0.0;Store1
396;Lunch;1049.47;Store1
397;Morning;1092.68;Store1
398;Regular Menu;1988.98;Store1
399;Total Day;3081.66;Store1
400;After 4PM;1484.11;Store1
401;Afternoon;576.4;Store1
402;Breakfast;773.59;Store1
403;Dinner;1213.78;Store1
404;Evening;270.33;Store1
405;Late Night;9.14;Store1
406;Lunch;876.75;Store1
407;Morning;861.39;Store1
408;Regular Menu;3025.06;Store1
409;Total Day;3798.65;Store1
410;After 4PM;1227.54;Store1
411;Afternoon;704.03;Store1
412;Breakfast;842.4;Store1
413;Dinner;1137.92;Store1
414;Evening;89.62;Store1
415;Late Night;0.0;Store1
416;Lunch;1180.79;Store1
417;Morning;915.4;Store1
418;Regular Menu;3185.36;Store1
419;Total Day;4027.76;Store1
420;After 4PM;1469.53;Store1
421;Afternoon;556.08;Store1
422;Breakfast;712.28;Store1
423;Dinner;1289.15;Store1
424;Evening;180.38;Store1
425;Late Night;7.28;Store1
426;Lunch;916.38;Store1
427;Morning;809.05;Store1
428;Regular Menu;3038.76;Store1
429;Total Day;3751.04;Store1
430;After 4PM;1835.94;Store1
431;Afternoon;494.0;Store1
432;Breakfast;859.65;Store1
433;Dinner;1416.48;Store1
434;Evening;419.46;Store1
435;Late Night;0.0;Store1
436;Lunch;1047.7;Store1
437;Morning;922.45;Store1
438;Regular Menu;3440.44;Store1
439;Total Day;4300.09;Store1
440;After 4PM;2238.06;Store1
441;Afternoon;620.64;Store1
442;Breakfast;882.29;Store1
443;Dinner;1799.0;Store1
444;Evening;439.06;Store1
445;Late Night;81.16;Store1
446;Lunch;1127.94;Store1
447;Morning;945.0;Store1
448;Regular Menu;4049.35;Store1
449;Total Day;4931.64;Store1
450;After 4PM;1512.77;Store1
451;Afternoon;733.82;Store1
452;Breakfast;1177.26;Store1
453;Dinner;1076.49;Store1
454;Evening;436.28;Store1
455;Late Night;179.75;Store1
456;Lunch;1267.9;Store1
457;Morning;1177.26;Store1
458;Regular Menu;3514.49;Store1
459;Total Day;4691.75;Store1
460;After 4PM;1164.53;Store1
461;Afternoon;560.55;Store1
462;Breakfast;1086.44;Store1
463;Dinner;1000.46;Store1
464;Evening;164.07;Store1
465;Late Night;0.0;Store1
466;Lunch;796.27;Store1
467;Morning;1086.44;Store1
468;Regular Menu;2521.35;Store1
469;Total Day;3607.79;Store1
470;After 4PM;1375.82;Store1
471;Afternoon;630.43;Store1
472;Breakfast;614.44;Store1
473;Dinner;1069.5;Store1
474;Evening;306.32;Store1
475;Late Night;0.0;Store1
476;Lunch;1096.77;Store1
477;Morning;694.61;Store1
478;Regular Menu;3183.19;Store1
479;Total Day;3797.63;Store1
480;After 4PM;1468.26;Store1
481;Afternoon;491.91;Store1
482;Breakfast;858.79;Store1
483;Dinner;1179.18;Store1
484;Evening;289.08;Store1
485;Late Night;0.0;Store1
486;Lunch;1112.72;Store1
487;Morning;910.26;Store1
488;Regular Menu;3124.36;Store1
489;Total Day;3983.15;Store1
490;After 4PM;1425.06;Store1
491;Afternoon;349.63;Store1
492;Breakfast;751.23;Store1
493;Dinner;1229.11;Store1
494;Evening;195.95;Store1
495;Late Night;0.0;Store1
496;Lunch;1053.68;Store1
497;Morning;801.47;Store1
498;Regular Menu;2878.61;Store1
499;Total Day;3629.84;Store1
500;After 4PM;1969.06;Store1
501;Afternoon;573.26;Store1
502;Breakfast;863.76;Store1
503;Dinner;1644.58;Store1
504;Evening;324.48;Store1
505;Late Night;0.0;Store1
506;Lunch;1066.9;Store1
507;Morning;927.07;Store1
508;Regular Menu;3672.53;Store1
509;Total Day;4536.29;Store1
510;After 4PM;2108.98;Store1
511;Afternoon;470.35;Store1
512;Breakfast;931.56;Store1
513;Dinner;1640.37;Store1
514;Evening;468.61;Store1
515;Late Night;96.72;Store1
516;Lunch;1003.99;Store1
517;Morning;1016.71;Store1
518;Regular Menu;3668.47;Store1
519;Total Day;4600.03;Store1
520;After 4PM;1557.73;Store1
521;Afternoon;638.57;Store1
522;Breakfast;1296.18;Store1
523;Dinner;1147.57;Store1
524;Evening;410.16;Store1
525;Late Night;119.46;Store1
526;Lunch;1092.3;Store1
527;Morning;1296.18;Store1
528;Regular Menu;3288.6;Store1
529;Total Day;4584.78;Store1
530;After 4PM;1224.3;Store1
531;Afternoon;464.76;Store1
532;Breakfast;1062.01;Store1
533;Dinner;1064.67;Store1
534;Evening;159.63;Store1
535;Late Night;0.0;Store1
536;Lunch;975.76;Store1
537;Morning;1062.01;Store1
538;Regular Menu;2664.82;Store1
539;Total Day;3726.83;Store1
540;After 4PM;1447.63;Store1
541;Afternoon;429.25;Store1
542;Breakfast;620.11;Store1
543;Dinner;1259.43;Store1
544;Evening;188.2;Store1
545;Late Night;0.0;Store1
546;Lunch;999.85;Store1
547;Morning;670.65;Store1
548;Regular Menu;2927.27;Store1
549;Total Day;3547.38;Store1
550;After 4PM;1673.08;Store1
551;Afternoon;507.44;Store1
552;Breakfast;789.37;Store1
553;Dinner;1352.67;Store1
554;Evening;320.41;Store1
555;Late Night;0.0;Store1
556;Lunch;1154.13;Store1
557;Morning;884.36;Store1
558;Regular Menu;3429.64;Store1
559;Total Day;4219.01;Store1
560;After 4PM;1585.21;Store1
561;Afternoon;545.37;Store1
562;Breakfast;837.84;Store1
563;Dinner;1357.89;Store1
564;Evening;227.32;Store1
565;Late Night;0.0;Store1
566;Lunch;893.14;Store1
567;Morning;882.82;Store1
568;Regular Menu;3068.7;Store1
569;Total Day;3906.54;Store1
570;After 4PM;1888.17;Store1
571;Afternoon;488.05;Store1
572;Breakfast;896.09;Store1
573;Dinner;1570.14;Store1
574;Evening;318.03;Store1
575;Late Night;0.0;Store1
576;Lunch;970.09;Store1
577;Morning;987.85;Store1
578;Regular Menu;3438.07;Store1
579;Total Day;4334.16;Store1
580;After 4PM;1972.98;Store1
581;Afternoon;547.82;Store1
582;Breakfast;1076.66;Store1
583;Dinner;1444.54;Store1
584;Evening;528.44;Store1
585;Late Night;116.67;Store1
586;Lunch;1310.25;Store1
587;Morning;1169.44;Store1
588;Regular Menu;3923.83;Store1
589;Total Day;5000.49;Store1
590;After 4PM;1625.29;Store1
591;Afternoon;675.65;Store1
592;Breakfast;1341.87;Store1
593;Dinner;1197.31;Store1
594;Evening;427.98;Store1
595;Late Night;112.74;Store1
596;Lunch;1266.83;Store1
597;Morning;1341.87;Store1
598;Regular Menu;3567.77;Store1
599;Total Day;4909.64;Store1
600;After 4PM;1363.83;Store1
601;Afternoon;483.01;Store1
602;Breakfast;932.04;Store1
603;Dinner;1184.41;Store1
604;Evening;179.42;Store1
605;Late Night;0.0;Store1
606;Lunch;1051.98;Store1
607;Morning;932.04;Store1
608;Regular Menu;2898.82;Store1
609;Total Day;3830.86;Store1
610;After 4PM;1372.74;Store1
611;Afternoon;579.19;Store1
612;Breakfast;849.08;Store1
613;Dinner;1189.29;Store1
614;Evening;183.45;Store1
615;Late Night;6.76;Store1
616;Lunch;777.23;Store1
617;Morning;923.07;Store1
618;Regular Menu;2803.15;Store1
619;Total Day;3652.23;Store1
930;After 4PM;718.7;Store2
931;Afternoon;411.4;Store2
932;Breakfast;227.51;Store2
933;Dinner;620.17;Store2
934;Evening;98.53;Store2
935;Late Night;0.0;Store2
936;Lunch;495.62;Store2
937;Morning;227.51;Store2
938;Regular Menu;1625.72;Store2
939;Total Day;1853.23;Store2
940;After 4PM;1160.33;Store2
941;Afternoon;649.32;Store2
942;Breakfast;690.5;Store2
943;Dinner;719.99;Store2
944;Evening;440.34;Store2
945;Late Night;0.0;Store2
946;Lunch;658.24;Store2
947;Morning;690.5;Store2
948;Regular Menu;2467.89;Store2
949;Total Day;3158.39;Store2
950;After 4PM;862.49;Store2
951;Afternoon;659.53;Store2
952;Breakfast;1211.01;Store2
953;Dinner;760.81;Store2
954;Evening;101.68;Store2
955;Late Night;0.0;Store2
956;Lunch;1893.54;Store2
957;Morning;1344.36;Store2
958;Regular Menu;3548.91;Store2
959;Total Day;4759.92;Store2
960;After 4PM;1055.0;Store2
961;Afternoon;665.84;Store2
962;Breakfast;1355.3;Store2
963;Dinner;880.07;Store2
964;Evening;174.93;Store2
965;Late Night;8.95;Store2
966;Lunch;1674.43;Store2
967;Morning;1529.06;Store2
968;Regular Menu;3569.03;Store2
969;Total Day;4924.33;Store2
970;After 4PM;1220.43;Store2
971;Afternoon;496.32;Store2
972;Breakfast;1348.5;Store2
973;Dinner;1018.04;Store2
974;Evening;202.39;Store2
975;Late Night;0.0;Store2
976;Lunch;1869.43;Store2
977;Morning;1512.33;Store2
978;Regular Menu;3750.01;Store2
979;Total Day;5098.51;Store2
980;After 4PM;1172.75;Store2
981;Afternoon;497.26;Store2
982;Breakfast;1477.78;Store2
983;Dinner;925.94;Store2
984;Evening;246.81;Store2
985;Late Night;0.0;Store2
986;Lunch;1972.52;Store2
987;Morning;1635.47;Store2
988;Regular Menu;3800.22;Store2
989;Total Day;5278.0;Store2
990;After 4PM;1283.67;Store2
991;Afternoon;550.71;Store2
992;Breakfast;1542.86;Store2
993;Dinner;954.22;Store2
994;Evening;329.45;Store2
995;Late Night;0.0;Store2
996;Lunch;2038.39;Store2
997;Morning;1718.2;Store2
998;Regular Menu;4048.11;Store2
999;Total Day;5590.97;Store2
1000;After 4PM;1058.7;Store2
1001;Afternoon;451.74;Store2
1002;Breakfast;1442.38;Store2
1003;Dinner;922.4;Store2
1004;Evening;136.3;Store2
1005;Late Night;0.0;Store2
1006;Lunch;1087.7;Store2
1007;Morning;1442.38;Store2
1008;Regular Menu;2598.14;Store2
1009;Total Day;4040.52;Store2
1010;After 4PM;662.02;Store2
1011;Afternoon;329.46;Store2
1012;Breakfast;707.75;Store2
1013;Dinner;568.83;Store2
1014;Evening;93.19;Store2
1015;Late Night;0.0;Store2
1016;Lunch;865.32;Store2
1017;Morning;707.75;Store2
1018;Regular Menu;1856.8;Store2
1019;Total Day;2564.55;Store2
1020;After 4PM;980.2;Store2
1021;Afternoon;490.3;Store2
1022;Breakfast;1292.94;Store2
1023;Dinner;791.12;Store2
1024;Evening;189.08;Store2
1025;Late Night;0.0;Store2
1026;Lunch;1804.18;Store2
1027;Morning;1413.92;Store2
1028;Regular Menu;3395.66;Store2
1029;Total Day;4688.6;Store2
1030;After 4PM;1001.63;Store2
1031;Afternoon;738.83;Store2
1032;Breakfast;1406.5;Store2
1033;Dinner;893.37;Store2
1034;Evening;108.26;Store2
1035;Late Night;0.0;Store2
1036;Lunch;1697.55;Store2
1037;Morning;1652.72;Store2
1038;Regular Menu;3684.23;Store2
1039;Total Day;5090.73;Store2
1040;After 4PM;1054.96;Store2
1041;Afternoon;495.91;Store2
1042;Breakfast;1569.66;Store2
1043;Dinner;873.39;Store2
1044;Evening;181.57;Store2
1045;Late Night;12.78;Store2
1046;Lunch;1853.74;Store2
1047;Morning;1659.28;Store2
1048;Regular Menu;3494.23;Store2
1049;Total Day;5063.89;Store2
1050;After 4PM;1404.76;Store2
1051;Afternoon;500.26;Store2
1052;Breakfast;1417.3;Store2
1053;Dinner;1059.0;Store2
1054;Evening;345.76;Store2
1055;Late Night;1.0;Store2
1056;Lunch;1907.84;Store2
1057;Morning;1560.95;Store2
1058;Regular Menu;3956.51;Store2
1059;Total Day;5373.81;Store2
1060;After 4PM;1289.86;Store2
1061;Afternoon;572.84;Store2
1062;Breakfast;1636.49;Store2
1063;Dinner;1041.61;Store2
1064;Evening;248.25;Store2
1065;Late Night;17.48;Store2
1066;Lunch;2024.14;Store2
1067;Morning;1802.85;Store2
1068;Regular Menu;4053.2;Store2
1069;Total Day;5689.69;Store2
1070;After 4PM;972.96;Store2
1071;Afternoon;517.63;Store2
1072;Breakfast;1180.13;Store2
1073;Dinner;751.21;Store2
1074;Evening;221.75;Store2
1075;Late Night;1.09;Store2
1076;Lunch;1059.23;Store2
1077;Morning;1180.13;Store2
1078;Regular Menu;2549.82;Store2
1079;Total Day;3729.95;Store2
1080;After 4PM;827.95;Store2
1081;Afternoon;373.95;Store2
1082;Breakfast;697.35;Store2
1083;Dinner;749.42;Store2
1084;Evening;78.53;Store2
1085;Late Night;0.0;Store2
1086;Lunch;773.59;Store2
1087;Morning;697.35;Store2
1088;Regular Menu;1975.49;Store2
1089;Total Day;2672.84;Store2
1090;After 4PM;823.09;Store2
1091;Afternoon;723.48;Store2
1092;Breakfast;1115.04;Store2
1093;Dinner;669.29;Store2
1094;Evening;153.8;Store2
1095;Late Night;0.0;Store2
1096;Lunch;1445.61;Store2
1097;Morning;1255.72;Store2
1098;Regular Menu;3132.86;Store2
1099;Total Day;4247.9;Store2
1100;After 4PM;1133.88;Store2
1101;Afternoon;516.65;Store2
1102;Breakfast;1270.54;Store2
1103;Dinner;974.84;Store2
1104;Evening;159.04;Store2
1105;Late Night;0.0;Store2
1106;Lunch;1720.07;Store2
1107;Morning;1439.49;Store2
1108;Regular Menu;3539.55;Store2
1109;Total Day;4810.09;Store2
1110;After 4PM;1078.29;Store2
1111;Afternoon;557.47;Store2
1112;Breakfast;1455.62;Store2
1113;Dinner;815.99;Store2
1114;Evening;262.3;Store2
1115;Late Night;0.0;Store2
1116;Lunch;1787.27;Store2
1117;Morning;1577.71;Store2
1118;Regular Menu;3545.12;Store2
1119;Total Day;5000.74;Store2
1120;After 4PM;1228.48;Store2
1121;Afternoon;585.6;Store2
1122;Breakfast;1546.63;Store2
1123;Dinner;996.37;Store2
1124;Evening;232.11;Store2
1125;Late Night;0.0;Store2
1126;Lunch;1846.71;Store2
1127;Morning;1679.74;Store2
1128;Regular Menu;3793.9;Store2
1129;Total Day;5340.53;Store2
1130;After 4PM;1346.04;Store2
1131;Afternoon;620.4;Store2
1132;Breakfast;1711.69;Store2
1133;Dinner;982.81;Store2
1134;Evening;363.23;Store2
1135;Late Night;2.58;Store2
1136;Lunch;1889.45;Store2
1137;Morning;1857.13;Store2
1138;Regular Menu;4001.33;Store2
1139;Total Day;5713.02;Store2
1140;After 4PM;1024.6;Store2
1141;Afternoon;525.18;Store2
1142;Breakfast;1284.65;Store2
1143;Dinner;828.95;Store2
1144;Evening;195.65;Store2
1145;Late Night;0.0;Store2
1146;Lunch;1224.99;Store2
1147;Morning;1284.65;Store2
1148;Regular Menu;2774.77;Store2
1149;Total Day;4059.42;Store2
1150;After 4PM;887.54;Store2
1151;Afternoon;268.82;Store2
1152;Breakfast;668.6;Store2
1153;Dinner;808.1;Store2
1154;Evening;79.44;Store2
1155;Late Night;0.0;Store2
1156;Lunch;589.25;Store2
1157;Morning;668.6;Store2
1158;Regular Menu;1745.61;Store2
1159;Total Day;2414.21;Store2
1160;After 4PM;1068.05;Store2
1161;Afternoon;547.14;Store2
1162;Breakfast;953.09;Store2
1163;Dinner;881.6;Store2
1164;Evening;186.45;Store2
1165;Late Night;0.0;Store2
1166;Lunch;1753.06;Store2
1167;Morning;1109.88;Store2
1168;Regular Menu;3525.04;Store2
1169;Total Day;4478.13;Store2
1170;After 4PM;1037.17;Store2
1171;Afternoon;587.21;Store2
1172;Breakfast;1495.6;Store2
1173;Dinner;865.37;Store2
1174;Evening;171.8;Store2
1175;Late Night;13.86;Store2
1176;Lunch;1795.14;Store2
1177;Morning;1612.15;Store2
1178;Regular Menu;3536.07;Store2
1179;Total Day;5031.67;Store2
1180;After 4PM;1407.37;Store2
1181;Afternoon;611.36;Store2
1182;Breakfast;1478.64;Store2
1183;Dinner;1169.32;Store2
1184;Evening;238.05;Store2
1185;Late Night;7.66;Store2
1186;Lunch;1997.05;Store2
1187;Morning;1599.61;Store2
1188;Regular Menu;4136.75;Store2
1189;Total Day;5615.39;Store2
1190;After 4PM;1292.68;Store2
1191;Afternoon;669.05;Store2
1192;Breakfast;1632.62;Store2
1193;Dinner;1044.48;Store2
1194;Evening;248.2;Store2
1195;Late Night;2.89;Store2
1196;Lunch;1967.88;Store2
1197;Morning;1786.46;Store2
1198;Regular Menu;4083.45;Store2
1199;Total Day;5716.07;Store2
1200;After 4PM;1169.33;Store2
1201;Afternoon;568.0;Store2
1202;Breakfast;1326.21;Store2
1203;Dinner;877.93;Store2
1204;Evening;291.4;Store2
1205;Late Night;10.68;Store2
1206;Lunch;1007.61;Store2
1207;Morning;1326.21;Store2
1208;Regular Menu;2744.94;Store2
1209;Total Day;4071.15;Store2
1210;After 4PM;909.84;Store2
1211;Afternoon;497.81;Store2
1212;Breakfast;791.86;Store2
1213;Dinner;737.09;Store2
1214;Evening;172.75;Store2
1215;Late Night;5.27;Store2
1216;Lunch;795.93;Store2
1217;Morning;791.86;Store2
1218;Regular Menu;2203.58;Store2
1219;Total Day;2995.44;Store2
1220;After 4PM;1188.61;Store2
1221;Afternoon;530.9;Store2
1222;Breakfast;1346.93;Store2
1223;Dinner;1031.69;Store2
1224;Evening;156.92;Store2
1225;Late Night;20.95;Store2
1226;Lunch;1543.0;Store2
1227;Morning;1500.37;Store2
1228;Regular Menu;3415.95;Store2
1229;Total Day;4762.88;Store2
1540;After 4PM;1289.51;Store3
1541;Afternoon;477.11;Store3
1542;Breakfast;130.96;Store3
1543;Dinner;1157.58;Store3
1544;Evening;131.93;Store3
1545;Late Night;0.0;Store3
1546;Lunch;693.69;Store3
1547;Morning;130.96;Store3
1548;Regular Menu;2460.31;Store3
1549;Total Day;2591.27;Store3
1550;After 4PM;1178.82;Store3
1551;Afternoon;424.38;Store3
1552;Breakfast;540.38;Store3
1553;Dinner;988.54;Store3
1554;Evening;190.28;Store3
1555;Late Night;0.0;Store3
1556;Lunch;728.62;Store3
1557;Morning;540.38;Store3
1558;Regular Menu;2331.82;Store3
1559;Total Day;2872.2;Store3
1560;After 4PM;1404.92;Store3
1561;Afternoon;572.21;Store3
1562;Breakfast;890.99;Store3
1563;Dinner;1191.22;Store3
1564;Evening;213.7;Store3
1565;Late Night;0.0;Store3
1566;Lunch;1262.01;Store3
1567;Morning;995.2;Store3
1568;Regular Menu;3343.35;Store3
1569;Total Day;4234.34;Store3
1570;After 4PM;1222.77;Store3
1571;Afternoon;611.44;Store3
1572;Breakfast;795.18;Store3
1573;Dinner;1015.52;Store3
1574;Evening;207.25;Store3
1575;Late Night;0.0;Store3
1576;Lunch;1374.4;Store3
1577;Morning;861.78;Store3
1578;Regular Menu;3275.21;Store3
1579;Total Day;4070.39;Store3
1580;After 4PM;1205.1;Store3
1581;Afternoon;575.89;Store3
1582;Breakfast;842.87;Store3
1583;Dinner;1011.8;Store3
1584;Evening;193.3;Store3
1585;Late Night;0.0;Store3
1586;Lunch;1212.44;Store3
1587;Morning;913.36;Store3
1588;Regular Menu;3063.92;Store3
1589;Total Day;3906.79;Store3
1590;After 4PM;1254.68;Store3
1591;Afternoon;554.32;Store3
1592;Breakfast;814.64;Store3
1593;Dinner;1064.18;Store3
1594;Evening;190.5;Store3
1595;Late Night;0.0;Store3
1596;Lunch;1501.53;Store3
1597;Morning;977.03;Store3
1598;Regular Menu;3472.92;Store3
1599;Total Day;4287.56;Store3
1600;After 4PM;1622.34;Store3
1601;Afternoon;526.51;Store3
1602;Breakfast;1022.99;Store3
1603;Dinner;1439.02;Store3
1604;Evening;183.32;Store3
1605;Late Night;0.0;Store3
1606;Lunch;1494.02;Store3
1607;Morning;1206.97;Store3
1608;Regular Menu;3826.85;Store3
1609;Total Day;4849.84;Store3
1610;After 4PM;1219.69;Store3
1611;Afternoon;407.71;Store3
1612;Breakfast;821.09;Store3
1613;Dinner;1019.81;Store3
1614;Evening;199.88;Store3
1615;Late Night;0.0;Store3
1616;Lunch;867.1;Store3
1617;Morning;821.09;Store3
1618;Regular Menu;2494.5;Store3
1619;Total Day;3315.59;Store3
1620;After 4PM;1034.47;Store3
1621;Afternoon;417.65;Store3
1622;Breakfast;689.72;Store3
1623;Dinner;876.43;Store3
1624;Evening;158.04;Store3
1625;Late Night;0.0;Store3
1626;Lunch;529.92;Store3
1627;Morning;689.72;Store3
1628;Regular Menu;1982.04;Store3
1629;Total Day;2671.76;Store3
1630;After 4PM;941.65;Store3
1631;Afternoon;448.29;Store3
1632;Breakfast;795.69;Store3
1633;Dinner;810.71;Store3
1634;Evening;130.94;Store3
1635;Late Night;0.0;Store3
1636;Lunch;1288.02;Store3
1637;Morning;923.28;Store3
1638;Regular Menu;2805.55;Store3
1639;Total Day;3601.24;Store3
1640;After 4PM;970.98;Store3
1641;Afternoon;577.21;Store3
1642;Breakfast;812.3;Store3
1643;Dinner;930.59;Store3
1644;Evening;40.39;Store3
1645;Late Night;0.0;Store3
1646;Lunch;1422.04;Store3
1647;Morning;903.37;Store3
1648;Regular Menu;3061.3;Store3
1649;Total Day;3873.6;Store3
1650;After 4PM;825.44;Store3
1651;Afternoon;497.09;Store3
1652;Breakfast;936.8;Store3
1653;Dinner;723.74;Store3
1654;Evening;101.7;Store3
1655;Late Night;0.0;Store3
1656;Lunch;1243.57;Store3
1657;Morning;1029.69;Store3
1658;Regular Menu;2658.99;Store3
1659;Total Day;3595.79;Store3
1660;After 4PM;1038.7;Store3
1661;Afternoon;420.72;Store3
1662;Breakfast;775.86;Store3
1663;Dinner;923.61;Store3
1664;Evening;115.09;Store3
1665;Late Night;0.0;Store3
1666;Lunch;1419.89;Store3
1667;Morning;853.51;Store3
1668;Regular Menu;2956.96;Store3
1669;Total Day;3732.82;Store3
1670;After 4PM;1509.7;Store3
1671;Afternoon;571.26;Store3
1672;Breakfast;913.79;Store3
1673;Dinner;1246.04;Store3
1674;Evening;263.66;Store3
1675;Late Night;1.0;Store3
1676;Lunch;1475.96;Store3
1677;Morning;1024.97;Store3
1678;Regular Menu;3668.1;Store3
1679;Total Day;4581.89;Store3
1680;After 4PM;1234.26;Store3
1681;Afternoon;446.84;Store3
1682;Breakfast;830.63;Store3
1683;Dinner;977.6;Store3
1684;Evening;256.66;Store3
1685;Late Night;0.0;Store3
1686;Lunch;960.04;Store3
1687;Morning;830.63;Store3
1688;Regular Menu;2641.14;Store3
1689;Total Day;3471.77;Store3
1690;After 4PM;1107.96;Store3
1691;Afternoon;435.52;Store3
1692;Breakfast;656.86;Store3
1693;Dinner;964.44;Store3
1694;Evening;143.52;Store3
1695;Late Night;0.0;Store3
1696;Lunch;661.66;Store3
1697;Morning;656.86;Store3
1698;Regular Menu;2205.14;Store3
1699;Total Day;2862.0;Store3
1700;After 4PM;916.16;Store3
1701;Afternoon;496.14;Store3
1702;Breakfast;649.01;Store3
1703;Dinner;767.79;Store3
1704;Evening;148.37;Store3
1705;Late Night;0.0;Store3
1706;Lunch;1261.37;Store3
1707;Morning;782.12;Store3
1708;Regular Menu;2806.78;Store3
1709;Total Day;3455.79;Store3
1710;After 4PM;1273.05;Store3
1711;Afternoon;490.66;Store3
1712;Breakfast;741.25;Store3
1713;Dinner;1087.68;Store3
1714;Evening;185.37;Store3
1715;Late Night;0.0;Store3
1716;Lunch;1164.55;Store3
1717;Morning;888.77;Store3
1718;Regular Menu;3075.78;Store3
1719;Total Day;3817.03;Store3
1720;After 4PM;1310.79;Store3
1721;Afternoon;537.99;Store3
1722;Breakfast;838.17;Store3
1723;Dinner;1069.68;Store3
1724;Evening;241.11;Store3
1725;Late Night;0.0;Store3
1726;Lunch;1318.29;Store3
1727;Morning;965.95;Store3
1728;Regular Menu;3294.85;Store3
1729;Total Day;4133.02;Store3
1730;After 4PM;1177.38;Store3
1731;Afternoon;463.46;Store3
1732;Breakfast;847.53;Store3
1733;Dinner;1038.16;Store3
1734;Evening;139.22;Store3
1735;Late Night;0.0;Store3
1736;Lunch;1309.02;Store3
1737;Morning;975.71;Store3
1738;Regular Menu;3078.04;Store3
1739;Total Day;3925.57;Store3
1740;After 4PM;1718.27;Store3
1741;Afternoon;735.01;Store3
1742;Breakfast;1089.24;Store3
1743;Dinner;1480.04;Store3
1744;Evening;238.23;Store3
1745;Late Night;0.0;Store3
1746;Lunch;1763.7;Store3
1747;Morning;1189.54;Store3
1748;Regular Menu;4317.28;Store3
1749;Total Day;5406.52;Store3
1750;After 4PM;958.3;Store3
1751;Afternoon;463.92;Store3
1752;Breakfast;953.38;Store3
1753;Dinner;771.54;Store3
1754;Evening;186.76;Store3
1755;Late Night;0.0;Store3
1756;Lunch;1050.0;Store3
1757;Morning;953.38;Store3
1758;Regular Menu;2472.22;Store3
1759;Total Day;3425.6;Store3
1760;After 4PM;971.37;Store3
1761;Afternoon;516.64;Store3
1762;Breakfast;654.79;Store3
1763;Dinner;800.98;Store3
1764;Evening;170.39;Store3
1765;Late Night;0.0;Store3
1766;Lunch;1221.18;Store3
1767;Morning;747.09;Store3
1768;Regular Menu;2801.49;Store3
1769;Total Day;3456.28;Store3
1770;After 4PM;1405.64;Store3
1771;Afternoon;533.61;Store3
1772;Breakfast;998.05;Store3
1773;Dinner;1125.74;Store3
1774;Evening;279.9;Store3
1775;Late Night;0.0;Store3
1776;Lunch;1343.27;Store3
1777;Morning;1063.57;Store3
1778;Regular Menu;3348.04;Store3
1779;Total Day;4346.09;Store3
1780;After 4PM;1303.55;Store3
1781;Afternoon;467.25;Store3
1782;Breakfast;843.1;Store3
1783;Dinner;1063.44;Store3
1784;Evening;240.11;Store3
1785;Late Night;0.0;Store3
1786;Lunch;1321.2;Store3
1787;Morning;924.24;Store3
1788;Regular Menu;3173.14;Store3
1789;Total Day;4016.24;Store3
1790;After 4PM;1323.21;Store3
1791;Afternoon;481.08;Store3
1792;Breakfast;942.2;Store3
1793;Dinner;1112.48;Store3
1794;Evening;210.73;Store3
1795;Late Night;0.0;Store3
1796;Lunch;1383.53;Store3
1797;Morning;1015.05;Store3
1798;Regular Menu;3260.67;Store3
1799;Total Day;4202.87;Store3
1800;After 4PM;1449.7;Store3
1801;Afternoon;523.19;Store3
1802;Breakfast;1083.95;Store3
1803;Dinner;1276.67;Store3
1804;Evening;173.03;Store3
1805;Late Night;0.0;Store3
1806;Lunch;1578.97;Store3
1807;Morning;1229.77;Store3
1808;Regular Menu;3697.68;Store3
1809;Total Day;4781.63;Store3
1810;After 4PM;1060.71;Store3
1811;Afternoon;505.48;Store3
1812;Breakfast;1074.87;Store3
1813;Dinner;896.32;Store3
1814;Evening;164.39;Store3
1815;Late Night;4.88;Store3
1816;Lunch;800.58;Store3
1817;Morning;1074.87;Store3
1818;Regular Menu;2366.77;Store3
1819;Total Day;3441.64;Store3
1820;After 4PM;1227.83;Store3
1821;Afternoon;572.6;Store3
1822;Breakfast;627.12;Store3
1823;Dinner;1056.37;Store3
1824;Evening;171.46;Store3
1825;Late Night;0.0;Store3
1826;Lunch;847.39;Store3
1827;Morning;627.12;Store3
1828;Regular Menu;2647.82;Store3
1829;Total Day;3274.94;Store3
1830;After 4PM;1312.19;Store3
1831;Afternoon;519.66;Store3
1832;Breakfast;717.55;Store3
1833;Dinner;1058.79;Store3
1834;Evening;253.4;Store3
1835;Late Night;0.0;Store3
1836;Lunch;1564.43;Store3
1837;Morning;845.23;Store3
1838;Regular Menu;3523.96;Store3
1839;Total Day;4241.51;Store3
2150;After 4PM;1334.45;Store4
2151;Afternoon;486.36;Store4
2152;Breakfast;633.15;Store4
2153;Dinner;1185.82;Store4
2154;Evening;148.63;Store4
2155;Late Night;0.0;Store4
2156;Lunch;924.98;Store4
2157;Morning;633.15;Store4
2158;Regular Menu;2745.79;Store4
2159;Total Day;3378.94;Store4
2160;After 4PM;979.18;Store4
2161;Afternoon;451.17;Store4
2162;Breakfast;644.54;Store4
2163;Dinner;876.54;Store4
2164;Evening;102.64;Store4
2165;Late Night;0.0;Store4
2166;Lunch;743.75;Store4
2167;Morning;644.54;Store4
2168;Regular Menu;2174.1;Store4
2169;Total Day;2818.64;Store4
2170;After 4PM;1285.71;Store4
2171;Afternoon;635.72;Store4
2172;Breakfast;745.87;Store4
2173;Dinner;1155.84;Store4
2174;Evening;129.87;Store4
2175;Late Night;0.0;Store4
2176;Lunch;963.37;Store4
2177;Morning;792.13;Store4
2178;Regular Menu;2931.06;Store4
2179;Total Day;3676.93;Store4
2180;After 4PM;1478.35;Store4
2181;Afternoon;619.49;Store4
2182;Breakfast;866.27;Store4
2183;Dinner;1307.62;Store4
2184;Evening;170.73;Store4
2185;Late Night;0.0;Store4
2186;Lunch;1064.72;Store4
2187;Morning;909.96;Store4
2188;Regular Menu;3206.25;Store4
2189;Total Day;4072.52;Store4
2190;After 4PM;1220.01;Store4
2191;Afternoon;599.71;Store4
2192;Breakfast;745.29;Store4
2193;Dinner;1133.57;Store4
2194;Evening;86.44;Store4
2195;Late Night;0.0;Store4
2196;Lunch;1019.82;Store4
2197;Morning;808.78;Store4
2198;Regular Menu;2903.03;Store4
2199;Total Day;3648.32;Store4
2200;After 4PM;1529.65;Store4
2201;Afternoon;547.23;Store4
2202;Breakfast;695.86;Store4
2203;Dinner;1392.14;Store4
2204;Evening;137.51;Store4
2205;Late Night;0.0;Store4
2206;Lunch;1173.26;Store4
2207;Morning;777.78;Store4
2208;Regular Menu;3332.06;Store4
2209;Total Day;4027.92;Store4
2210;After 4PM;2142.48;Store4
2211;Afternoon;675.18;Store4
2212;Breakfast;767.08;Store4
2213;Dinner;1774.18;Store4
2214;Evening;368.3;Store4
2215;Late Night;14.06;Store4
2216;Lunch;1170.26;Store4
2217;Morning;813.95;Store4
2218;Regular Menu;4034.79;Store4
2219;Total Day;4801.87;Store4
2220;After 4PM;1379.81;Store4
2221;Afternoon;636.19;Store4
2222;Breakfast;1139.55;Store4
2223;Dinner;1188.11;Store4
2224;Evening;191.7;Store4
2225;Late Night;0.0;Store4
2226;Lunch;1086.97;Store4
2227;Morning;1139.55;Store4
2228;Regular Menu;3102.97;Store4
2229;Total Day;4242.52;Store4
2230;After 4PM;1200.7;Store4
2231;Afternoon;546.37;Store4
2232;Breakfast;912.9;Store4
2233;Dinner;1078.38;Store4
2234;Evening;122.32;Store4
2235;Late Night;0.0;Store4
2236;Lunch;784.84;Store4
2237;Morning;912.9;Store4
2238;Regular Menu;2531.91;Store4
2239;Total Day;3444.81;Store4
2240;After 4PM;1072.31;Store4
2241;Afternoon;490.54;Store4
2242;Breakfast;673.46;Store4
2243;Dinner;947.94;Store4
2244;Evening;124.37;Store4
2245;Late Night;0.0;Store4
2246;Lunch;1242.72;Store4
2247;Morning;731.26;Store4
2248;Regular Menu;2863.37;Store4
2249;Total Day;3536.83;Store4
2250;After 4PM;973.12;Store4
2251;Afternoon;594.91;Store4
2252;Breakfast;843.49;Store4
2253;Dinner;960.35;Store4
2254;Evening;12.77;Store4
2255;Late Night;0.0;Store4
2256;Lunch;980.14;Store4
2257;Morning;881.97;Store4
2258;Regular Menu;2586.65;Store4
2259;Total Day;3430.14;Store4
2260;After 4PM;1435.39;Store4
2261;Afternoon;482.7;Store4
2262;Breakfast;667.52;Store4
2263;Dinner;1285.89;Store4
2264;Evening;149.5;Store4
2265;Late Night;0.0;Store4
2266;Lunch;997.88;Store4
2267;Morning;755.24;Store4
2268;Regular Menu;3003.69;Store4
2269;Total Day;3671.21;Store4
2270;After 4PM;1502.23;Store4
2271;Afternoon;781.4;Store4
2272;Breakfast;725.39;Store4
2273;Dinner;1268.07;Store4
2274;Evening;234.16;Store4
2275;Late Night;0.0;Store4
2276;Lunch;1349.3;Store4
2277;Morning;781.76;Store4
2278;Regular Menu;3689.3;Store4
2279;Total Day;4414.69;Store4
2280;After 4PM;1546.77;Store4
2281;Afternoon;568.45;Store4
2282;Breakfast;816.31;Store4
2283;Dinner;1407.58;Store4
2284;Evening;139.19;Store4
2285;Late Night;0.0;Store4
2286;Lunch;1200.35;Store4
2287;Morning;884.18;Store4
2288;Regular Menu;3383.44;Store4
2289;Total Day;4199.75;Store4
2290;After 4PM;1656.24;Store4
2291;Afternoon;636.47;Store4
2292;Breakfast;1173.74;Store4
2293;Dinner;1409.02;Store4
2294;Evening;247.22;Store4
2295;Late Night;5.17;Store4
2296;Lunch;1354.52;Store4
2297;Morning;1173.74;Store4
2298;Regular Menu;3647.23;Store4
2299;Total Day;4820.97;Store4
2300;After 4PM;1356.52;Store4
2301;Afternoon;534.92;Store4
2302;Breakfast;957.3;Store4
2303;Dinner;1187.47;Store4
2304;Evening;169.05;Store4
2305;Late Night;0.0;Store4
2306;Lunch;807.56;Store4
2307;Morning;957.3;Store4
2308;Regular Menu;2699.0;Store4
2309;Total Day;3656.3;Store4
2310;After 4PM;910.81;Store4
2311;Afternoon;438.38;Store4
2312;Breakfast;583.88;Store4
2313;Dinner;839.55;Store4
2314;Evening;71.26;Store4
2315;Late Night;0.0;Store4
2316;Lunch;1157.98;Store4
2317;Morning;616.91;Store4
2318;Regular Menu;2540.2;Store4
2319;Total Day;3124.08;Store4
2320;After 4PM;1459.2;Store4
2321;Afternoon;614.42;Store4
2322;Breakfast;648.26;Store4
2323;Dinner;1145.57;Store4
2324;Evening;313.63;Store4
2325;Late Night;0.0;Store4
2326;Lunch;1033.64;Store4
2327;Morning;692.08;Store4
2328;Regular Menu;3151.08;Store4
2329;Total Day;3799.34;Store4
2330;After 4PM;1622.42;Store4
2331;Afternoon;664.04;Store4
2332;Breakfast;686.15;Store4
2333;Dinner;1425.18;Store4
2334;Evening;197.24;Store4
2335;Late Night;0.0;Store4
2336;Lunch;1022.7;Store4
2337;Morning;737.11;Store4
2338;Regular Menu;3360.12;Store4
2339;Total Day;4046.27;Store4
2340;After 4PM;1788.61;Store4
2341;Afternoon;550.8;Store4
2342;Breakfast;769.78;Store4
2343;Dinner;1570.99;Store4
2344;Evening;217.62;Store4
2345;Late Night;0.0;Store4
2346;Lunch;937.13;Store4
2347;Morning;815.48;Store4
2348;Regular Menu;3322.24;Store4
2349;Total Day;4092.02;Store4
2350;After 4PM;1694.46;Store4
2351;Afternoon;709.82;Store4
2352;Breakfast;932.25;Store4
2353;Dinner;1402.64;Store4
2354;Evening;291.82;Store4
2355;Late Night;0.0;Store4
2356;Lunch;1177.09;Store4
2357;Morning;1016.03;Store4
2358;Regular Menu;3665.15;Store4
2359;Total Day;4597.4;Store4
2360;After 4PM;1440.85;Store4
2361;Afternoon;664.77;Store4
2362;Breakfast;994.54;Store4
2363;Dinner;1202.88;Store4
2364;Evening;237.97;Store4
2365;Late Night;0.0;Store4
2366;Lunch;904.53;Store4
2367;Morning;994.54;Store4
2368;Regular Menu;3010.15;Store4
2369;Total Day;4004.69;Store4
2370;After 4PM;1125.6;Store4
2371;Afternoon;534.47;Store4
2372;Breakfast;864.09;Store4
2373;Dinner;998.39;Store4
2374;Evening;127.21;Store4
2375;Late Night;0.0;Store4
2376;Lunch;921.88;Store4
2377;Morning;864.09;Store4
2378;Regular Menu;2581.95;Store4
2379;Total Day;3446.04;Store4
2380;After 4PM;1352.79;Store4
2381;Afternoon;694.38;Store4
2382;Breakfast;685.72;Store4
2383;Dinner;1161.09;Store4
2384;Evening;191.7;Store4
2385;Late Night;0.0;Store4
2386;Lunch;1093.28;Store4
2387;Morning;728.62;Store4
2388;Regular Menu;3183.35;Store4
2389;Total Day;3869.07;Store4
2390;After 4PM;1252.29;Store4
2391;Afternoon;524.87;Store4
2392;Breakfast;759.02;Store4
2393;Dinner;1247.9;Store4
2394;Evening;4.39;Store4
2395;Late Night;0.0;Store4
2396;Lunch;949.86;Store4
2397;Morning;837.66;Store4
2398;Regular Menu;2805.66;Store4
2399;Total Day;3564.68;Store4
2400;After 4PM;1283.17;Store4
2401;Afternoon;580.34;Store4
2402;Breakfast;728.32;Store4
2403;Dinner;1174.89;Store4
2404;Evening;108.28;Store4
2405;Late Night;0.0;Store4
2406;Lunch;914.81;Store4
2407;Morning;791.35;Store4
2408;Regular Menu;2841.35;Store4
2409;Total Day;3569.67;Store4
2410;After 4PM;1819.01;Store4
2411;Afternoon;625.52;Store4
2412;Breakfast;743.38;Store4
2413;Dinner;1597.1;Store4
2414;Evening;221.91;Store4
2415;Late Night;0.0;Store4
2416;Lunch;1178.92;Store4
2417;Morning;818.04;Store4
2418;Regular Menu;3698.11;Store4
2419;Total Day;4441.49;Store4
2420;After 4PM;1666.03;Store4
2421;Afternoon;484.91;Store4
2422;Breakfast;738.77;Store4
2423;Dinner;1332.1;Store4
2424;Evening;333.93;Store4
2425;Late Night;0.0;Store4
2426;Lunch;1172.84;Store4
2427;Morning;799.79;Store4
2428;Regular Menu;3384.8;Store4
2429;Total Day;4123.57;Store4
2430;After 4PM;1435.04;Store4
2431;Afternoon;787.51;Store4
2432;Breakfast;1088.59;Store4
2433;Dinner;1219.65;Store4
2434;Evening;215.39;Store4
2435;Late Night;0.0;Store4
2436;Lunch;1367.37;Store4
2437;Morning;1088.59;Store4
2438;Regular Menu;3589.92;Store4
2439;Total Day;4678.51;Store4
2440;After 4PM;551.64;Store4
2441;Afternoon;650.31;Store4
2442;Breakfast;907.15;Store4
2443;Dinner;551.64;Store4
2444;Evening;0.0;Store4
2445;Late Night;0.0;Store4
2446;Lunch;917.64;Store4
2447;Morning;907.15;Store4
2448;Regular Menu;2119.59;Store4
2449;Total Day;3026.74;Store4
